POS	Wordnet-Correlation	Wordnet-pvalue	Wiktionary-Correlation	Wiktionary-pvalue
ADJ	-0.23276575962080842	0.007013881803238003	-0.1855451245477807	0.03249926959143125
ADV	-0.2429438561160629	0.2041303394678965	-0.3419271831286312	0.06944662399152753
NOUN	0.1259286226485052	0.0013754152034002002	-0.02636735652946319	0.5045014170633269
VER	-0.16046056551920826	0.02699770494395951	0.0034379853753197104	0.9624520365415531
TOT	0.041060103936590556	0.19563017733718283	-0.06582863174193147	0.03788327527260405
