POS	Wordnet-Correlation	Wordnet-pvalue	Wiktionary-Correlation	Wiktionary-pvalue
ADJ	0.27957060863966715	3.3776214120929933e-19	0.12887368412223546	4.852036008720628e-05
ADV	0.15609218911460715	7.219873245004327e-07	0.0753594580806573	0.017261307614796464
NOUN	0.3417474714193825	1.4736747004262382e-28	0.019481195920868846	0.5399656666927289
VER	0.2606762110016969	5.566378756551141e-17	0.04529961003374897	0.15250905980067425
TOT	0.15044625495991465	1.4419186372711588e-21	0.024013298395611088	0.1299994756050427
