POS	Wordnet-Correlation	Wordnet-pvalue	Wiktionary-Correlation	Wiktionary-pvalue
ADJ	-0.11345117831090677	0.19352051123382744	-0.15604425775417638	0.072875899510853
ADV	-0.1785236033077967	0.354152965157418	-0.31755635753256656	0.0932223555106063
NOUN	0.14421277432251195	0.00024355092010191958	0.033520236056836954	0.39611941542144957
VER	-0.10699837448178064	0.14173524136679708	-0.014637347707230831	0.841135512114408
TOT	0.07222646362024733	0.02270296278022828	-0.024760134818948343	0.4352954390166325
