POS	Wordnet-Correlation	Wordnet-pvalue	Wiktionary-Correlation	Wiktionary-pvalue
ADJ	0.26136379933256065	6.79866251691743e-17	0.08471909468107232	0.007713719125950009
ADV	0.1845256933010818	4.290880583391032e-09	0.10594351955987476	0.0008019531075429134
NOUN	0.30216039550953605	2.175050455728053e-22	0.009550503540910938	0.7638487592986396
VER	0.2892270769182003	1.0559962180554462e-20	0.09472430805396438	0.002727042960646878
TOT	0.27157076288215304	3.457057215163501e-68	0.10225994404695579	1.0211324389969398e-10
