POS	Wordnet-Correlation	Wordnet-pvalue	Wiktionary-Correlation	Wiktionary-pvalue
ADJ	0.27930150944919246	3.6639222305475096e-19	0.12811766715401574	5.37687660974796e-05
ADV	0.1464391867720571	3.3934034292009705e-06	0.06623334864071094	0.03643295650494776
NOUN	0.33726944857110064	8.182139833175362e-28	0.023063497170007788	0.46809059385114204
VER	0.26437914358837905	1.938803376298956e-17	0.05291896913283419	0.0945864223532534
TOT	0.13028912495364067	1.5961402755131028e-16	0.012140548413118062	0.4440259399625859
