POS	Wordnet-Correlation	Wordnet-pvalue	Wiktionary-Correlation	Wiktionary-pvalue
ADJ	0.07650550902360381	0.016161912919907068	0.059034371468886335	0.06361553918240123
ADV	-0.07574516543216217	0.016696852977267123	-0.06579070652826849	0.03770472857273519
NOUN	0.029542751549419783	0.35262528269712967	-0.019975015113282358	0.5297398531637988
VER	0.07877716400213709	0.012750571959962941	-0.006554529788157241	0.8360788798148455
TOT	-0.011715577822056969	0.4601390096935176	-0.03227685616701755	0.041812586385867906
