POS	Wordnet-Correlation	Wordnet-pvalue	Wiktionary-Correlation	Wiktionary-pvalue
ADJ	-0.01572174696612437	0.8574574561883177	-0.002477386365806233	0.9774221101557605
ADV	0.10741998445875764	0.5791423961210793	0.23152640316324336	0.22686720722140957
NOUN	-0.013160731243760155	0.7390681606103454	-0.04977870999924551	0.207457897307113
VER	0.10861009913685069	0.13579781555009657	0.10221606663292783	0.1605178488938766
TOT	0.006222916901195808	0.8445722162955107	-0.010000053005092567	0.7527242625302244
