POS	Wordnet-Correlation	Wordnet-pvalue	Wiktionary-Correlation	Wiktionary-pvalue
ADJ	0.02745983197280692	0.7537093102423935	0.15019083819274326	0.08443070012430805
ADV	nan	nan	nan	nan
NOUN	-0.07218728346725263	0.0673531137979904	0.005547993883024537	0.8883358248697161
VER	0.039573241936827826	0.5877549080729655	0.051745707878806016	0.47830352767747764
TOT	-0.04875811339242124	0.12429616378067455	0.03037655141052489	0.3384648770585368
