POS	Wordnet-Correlation	Wordnet-pvalue	Wiktionary-Correlation	Wiktionary-pvalue
ADJ	0.3045813803421836	1.1795421845651937e-22	0.13058499361702633	3.837470469735033e-05
ADV	0.16652368103369453	1.2160646311180596e-07	0.09227247212546778	0.0035277559727445126
NOUN	0.3475324751177368	1.5433572503629777e-29	0.022088958676911973	0.487104084850875
VER	0.2810100971397248	1.3806707792930291e-19	0.0779692345200782	0.013699849351222022
TOT	0.1958746731476884	1.0933808627842604e-35	0.057596192902961266	0.000278963195802784
