POS	Wordnet-Correlation	Wordnet-pvalue	Wiktionary-Correlation	Wiktionary-pvalue
ADJ	0.047077015572036314	0.1392222774435768	0.05109255429680384	0.10849813205415354
ADV	-0.05889137826367693	0.06292397030552449	-0.059078110799356764	0.0620923843604088
NOUN	-0.01340799390123992	0.6731818689833161	-0.016836905492310896	0.5963444639977888
VER	0.020983377144001454	0.5076742893412325	0.00708118297511266	0.8231173806221356
TOT	-0.027594195222868528	0.08186433881224384	-0.025186634601925332	0.11226170825583287
