POS	Wordnet-Correlation	Wordnet-pvalue	Wiktionary-Correlation	Wiktionary-pvalue
ADJ	-0.1834293148248983	0.034565864356481256	-0.00696884321733658	0.9365466840440096
ADV	-0.12659329259213853	0.5128675387490375	-0.059816618930494274	0.7579079783578525
NOUN	0.010291372537787061	0.7945073944433508	-0.02670795004229749	0.4990100353473359
VER	-0.014424971899371222	0.843410698927919	0.06063711402950408	0.4059315711481607
TOT	-0.024499127023036353	0.440152557262216	-0.007031634281715484	0.8246820114622734
