POS	Wordnet-Correlation	Wordnet-pvalue	Wiktionary-Correlation	Wiktionary-pvalue
ADJ	-0.2427326199100891	0.004875686998749763	-0.19558664267403394	0.024060611542368996
ADV	-0.22395634164246508	0.24284728287404622	-0.3561610686761318	0.05791541179292475
NOUN	0.08215804903062932	0.037270676384125456	-0.03224703723728704	0.41431500868001303
VER	-0.20072378966775817	0.005488902418884547	-0.058116729969261066	0.425758320218917
TOT	1.0209020059588028e-06	0.9999743380648087	-0.0765625253080575	0.015710611915884867
