POS	Wordnet-Correlation	Wordnet-pvalue	Wiktionary-Correlation	Wiktionary-pvalue
ADJ	0.0660670437702946	0.05532322589297952	-0.038918983458450664	0.29801293250949057
ADV	-0.0011124916104600924	0.9883084514026863	0.008375107048096244	0.9134266727482878
NOUN	-0.01703726795538636	0.34012006980101783	-0.025464616101163618	0.15959286498317463
VER	0.04179255664037963	0.15722117193701524	-0.0599883910118976	0.048525171078332756
TOT	0.023804843801405098	0.08306321444628155	-0.032540241354521666	0.021108640134868482
