POS	Wordnet-Correlation	Wordnet-pvalue	Wiktionary-Correlation	Wiktionary-pvalue
ADJ	0.056636707742198665	0.10052418879648714	-0.02637938446653298	0.48065637133143135
ADV	-0.01208200314351529	0.873551042257566	0.03593134634752148	0.6408091626873764
NOUN	-0.014797894623637956	0.40737083360861004	-0.009907798278202283	0.5842793768842236
VER	0.03726609207943055	0.20724862812732797	-0.042944579434795016	0.15805967526928016
TOT	0.01807361675627038	0.18823293243564113	-0.018507285165478643	0.18974818886756567
