POS	Wordnet-Correlation	Wordnet-pvalue	Wiktionary-Correlation	Wiktionary-pvalue
ADJ	0.06937892686614348	0.044154671065545825	-0.045266839016477545	0.22604515097778327
ADV	0.0017420670534837018	0.9816929744023954	-0.003989774232477134	0.9586955440432283
NOUN	-0.014997235714304284	0.40108135578195836	-0.027867208724179925	0.12375800042829714
VER	0.041668582770877025	0.1584570549842083	-0.06141088277427473	0.04342418801611314
TOT	0.02585537889241139	0.05976464753700183	-0.034759608694221344	0.013762318367360011
