POS	Wordnet-Correlation	Wordnet-pvalue	Wiktionary-Correlation	Wiktionary-pvalue
ADJ	0.06929932432069684	0.04439894352108141	-0.04252746705485742	0.25542144928058336
ADV	0.002455796156397483	0.9741947578153555	-0.0018138441611521335	0.981215433660396
NOUN	-0.015064200683092725	0.39898166992037243	-0.025675988299827025	0.1561556297923315
VER	0.04388776360550624	0.1374222660033846	-0.06029340995171411	0.047390993492268885
TOT	0.02618971947492642	0.05653645544387622	-0.032914584545982034	0.01967027273233098
