POS	Wordnet-Correlation	Wordnet-pvalue	Wiktionary-Correlation	Wiktionary-pvalue
ADJ	0.07047394016335017	0.040907783069163164	-0.04274756975978967	0.2529676247305375
ADV	0.0022062156621930574	0.9768165496585062	-0.013030505979753613	0.8656760127975948
NOUN	-0.015666853554805737	0.38038464832434093	-0.027834862972817054	0.12419479484259034
VER	0.04268859955986388	0.1485046173307985	-0.0638310477980512	0.03578536460333718
TOT	0.02537849181983976	0.06463236179639356	-0.035738753813968835	0.011314139478723347
