POS	Wordnet-Correlation	Wordnet-pvalue	Wiktionary-Correlation	Wiktionary-pvalue
ADJ	0.00943930908050764	0.7844674691869329	-0.02496346811150743	0.5045288600822186
ADV	0.02268844573718482	0.7650240137501427	0.07734944841060558	0.3146254050196017
NOUN	-0.011679994295229493	0.5131468913774914	0.0010703078510994604	0.9528685915583432
VER	0.00638155978302634	0.8290709125725498	-0.03940953013548811	0.19520545916688892
TOT	0.006287367133350606	0.6471606807757835	-0.00832954835112878	0.55509299976961
