POS	Wordnet-Correlation	Wordnet-pvalue	Wiktionary-Correlation	Wiktionary-pvalue
ADJ	0.0654442277581406	0.05766648306382728	-0.02007603320079268	0.5914823243851863
ADV	-0.009530055528276337	0.9001020520776057	0.035756177794403335	0.6424387458240349
NOUN	-0.012093464555507607	0.49834454393571304	-0.010798842247156692	0.5509387229700834
VER	0.032425170857794235	0.27253343022641624	-0.054025293658719664	0.07567709933146223
TOT	0.02226327498985375	0.10503580102556134	-0.01767016279746984	0.2105694882717174
