POS	Wordnet-Correlation	Wordnet-pvalue	Wiktionary-Correlation	Wiktionary-pvalue
ADJ	0.030374633036650372	0.37899085231831486	0.06514506330497435	0.08151402707868396
ADV	0.03005455372301963	0.6921293139999115	0.10966182641323388	0.15334761463743946
NOUN	0.06662096456790291	0.00018978222603309406	0.016349151586275187	0.3668160052619288
VER	0.013852535990707968	0.6393125624153502	0.07953116318411461	0.008865376956225265
TOT	0.03807063244018069	0.005581381465428856	0.04119331896071793	0.0035165486193189034
