POS	Wordnet-Correlation	Wordnet-pvalue	Wiktionary-Correlation	Wiktionary-pvalue
ADJ	-0.0008334091259174265	0.9807465834488005	0.07258580888434421	0.05220592827603928
ADV	-0.07733445648335716	0.30764516423307536	0.1486079769252855	0.05239997623656914
NOUN	0.0299384670443073	0.09373937014010396	0.027629436070590766	0.12712166870356012
VER	-0.0003160180744143115	0.991469948741839	0.03619647250352489	0.23418320233763934
TOT	0.005820242782147404	0.6718694244573193	0.04263387886370249	0.0025192959633248964
