POS	Wordnet-Correlation	Wordnet-pvalue	Wiktionary-Correlation	Wiktionary-pvalue
ADJ	nan	nan	nan	nan
ADV	0.0915925911916168	0.22666373159804964	0.06401809873349751	0.4054886315664987
NOUN	-0.024231919147368487	0.17496265406071365	0.02903938812452898	0.1088390110581129
VER	-0.03843840532376218	0.19330304650150432	0.029169963210430187	0.337757815162526
TOT	-0.020217179673580336	0.14115669868371097	0.02768517578729138	0.04985092806726778
