POS	Wordnet-Correlation	Wordnet-pvalue	Wiktionary-Correlation	Wiktionary-pvalue
ADJ	0.025263166171261255	0.4643767768678234	0.11328945309243536	0.0023981765389862364
ADV	-0.08206232852935685	0.2789195631939513	0.2328820870508927	0.002174879196740664
NOUN	0.06523936790516516	0.0002575068272404514	0.012939390335862718	0.4750905608936403
VER	0.04905572905854656	0.09679828133640309	0.14845638391424568	9.34996428728074e-07
TOT	0.03274728761832207	0.01714117573554208	0.060636077135015974	1.721799106378738e-05
