POS	Wordnet-Correlation	Wordnet-pvalue	Wiktionary-Correlation	Wiktionary-pvalue
ADJ	nan	nan	nan	nan
ADV	0.0915925911916168	0.22666373159804964	0.06401809873349751	0.4054886315664987
NOUN	-0.024227013763442624	0.17511888643767798	0.029047082597536078	0.10880330288866075
VER	-0.03843840532376218	0.19330304650150432	0.029169963210430187	0.337757815162526
TOT	-0.020213390635056127	0.1412688103218634	0.027690725141989534	0.049827876036845055
