POS	Wordnet-Correlation	Wordnet-pvalue	Wiktionary-Correlation	Wiktionary-pvalue
ADJ	0.055958465508600556	0.10487774817555032	0.12243245954246489	0.0010281703902962976
ADV	-0.08557536028866858	0.2587844930900005	0.25313462355616917	0.0008363961355817803
NOUN	0.1105751674242423	5.407223521684272e-10	0.05802020886800249	0.0013500061655486444
VER	0.052926858299285326	0.07316565528991088	0.16916329568571575	2.1636384069520447e-08
TOT	0.05682924032690412	3.4909782789212086e-05	0.09075166220154748	1.192037417901787e-10
