POS	Wordnet-Correlation	Wordnet-pvalue	Wiktionary-Correlation	Wiktionary-pvalue
ADJ	0.016163760788842085	0.6397256283030337	0.011486949435159974	0.758962952046906
ADV	0.011375227793782897	0.880891657073996	0.06199839706124449	0.4204947906440112
NOUN	0.02698628973904715	0.13093561629390266	-0.01595619577492897	0.3784477184366759
VER	0.060562757647779436	0.040291431767775276	0.04199197044244409	0.1674984825834428
TOT	0.03066418436080691	0.02561739276329191	0.001910959782871633	0.8923472760425558
