POS	Wordnet-Correlation	Wordnet-pvalue	Wiktionary-Correlation	Wiktionary-pvalue
ADJ	-0.031782240662541206	0.35728715503142294	-0.0734205505669643	0.04955114712091813
ADV	0.07003356801983936	0.35568703853857253	-0.16358337112787805	0.032527883909886667
NOUN	-0.02092063220630591	0.24166201897661505	0.00898715933601114	0.6198540162472121
VER	-0.032684302386492496	0.26871763790754666	-0.04673339957232056	0.12446477538956092
TOT	-0.009985639851680899	0.4674250787505383	-0.013059267304345598	0.3550182937734486
