POS	Wordnet-Correlation	Wordnet-pvalue	Wiktionary-Correlation	Wiktionary-pvalue
ADJ	-0.09068749752519174	0.06559263782708873	0.10365939967347414	0.035213109216912744
ADV	-0.19064446403079455	0.15171964000537305	-0.09830445803027411	0.4628585856636799
NOUN	-0.07877593658462057	0.0037896725248657663	0.0037193996614312856	0.8914397154461875
VER	-0.05391633834970012	0.22739861661568822	0.04486875380767961	0.31523236770362356
TOT	-0.07615102233744736	0.0002391108559255331	0.01675394423107261	0.41959710578039733
