POS	Wordnet-Correlation	Wordnet-pvalue	Wiktionary-Correlation	Wiktionary-pvalue
ADJ	0.09364358696121045	0.31107148679862084	-0.09994748919518653	0.27947448956087373
ADV	-0.3379491178563499	0.02860290151997658	-0.14644485522516587	0.3547411656935252
NOUN	0.18179614680776482	1.610293370161129e-05	0.04555339461394032	0.2835976431698574
VER	0.07681645105285591	0.1975936094600117	0.015255991949225278	0.7983180407709897
TOT	0.13102225759969746	3.238202102881583e-05	0.02690319414655919	0.39541212088679645
