POS	Wordnet-Correlation	Wordnet-pvalue	Wiktionary-Correlation	Wiktionary-pvalue
ADJ	-0.1446290685928558	0.11657185755060274	-0.02681894158070575	0.7721803156029882
ADV	nan	nan	nan	nan
NOUN	-0.11379650985483948	0.0072318866090896	0.014413785899250619	0.7345157285184241
VER	-0.0851353239761387	0.15316134212330773	-0.045351563887275084	0.4472869888146612
TOT	-0.11161981377951413	0.00040566633512908095	-0.013434926713770712	0.6713197171139071
