POS	Wordnet-Correlation	Wordnet-pvalue	Wiktionary-Correlation	Wiktionary-pvalue
ADJ	0.19556835556758373	0.03304733077912418	-0.12807024519184806	0.16511939505377168
ADV	-0.2844143972237185	0.0679262924062064	-0.012785909329159417	0.9359471986803762
NOUN	0.20513950793485003	1.0705511812327753e-06	0.04840106067177629	0.2545448836532533
VER	0.06655800057535279	0.2644387864996366	0.003847592629504393	0.9486196518429062
TOT	0.15534750662094615	7.958907595449707e-07	0.029036441738374493	0.35900752019602744
