POS	Wordnet-Correlation	Wordnet-pvalue	Wiktionary-Correlation	Wiktionary-pvalue
ADJ	0.13349578011224572	0.14778981852590375	-0.06464510758807421	0.4848755578333126
ADV	-0.15565031423265277	0.3249664356956914	0.07943062897889064	0.6170570746446031
NOUN	0.20407559473219772	1.2200167905204563e-06	0.03737312955313595	0.3790926030642613
VER	0.10491784828227808	0.07806156825420045	0.006953398921287732	0.9072896031244164
TOT	0.15883861699988497	4.447788941818594e-07	0.02652048184889434	0.402171292472965
