POS	Wordnet-Correlation	Wordnet-pvalue	Wiktionary-Correlation	Wiktionary-pvalue
ADJ	0.34084045786995143	1.0791767749197881e-12	0.21327739131668227	1.2335567293108559e-05
ADV	0.11755732371895031	0.37948077571262295	-0.13037791566985596	0.3293193836464424
NOUN	0.33337582994423903	2.2446911361843216e-36	0.0914439535217864	0.0007722491547809034
VER	0.3107558213091819	1.0076839971457235e-12	0.08176673098255494	0.06690029436093634
TOT	0.3160870481207096	4.632741544564935e-55	0.12692174147118365	8.311556228508913e-10
