POS	Wordnet-Correlation	Wordnet-pvalue	Wiktionary-Correlation	Wiktionary-pvalue
ADJ	0.04582130687857736	0.35295925193920297	0.04619126503110211	0.34908159033552055
ADV	nan	nan	nan	nan
NOUN	0.01779172230487216	0.5138121304923229	-0.00018197034382687162	0.9946722891391374
VER	nan	nan	nan	nan
TOT	0.026640747702372295	0.199297908807219	0.017283047841745655	0.4050626218130694
