POS	Wordnet-Correlation	Wordnet-pvalue	Wiktionary-Correlation	Wiktionary-pvalue
ADJ	0.06423219430131105	0.48767489922051566	-0.07379531105148207	0.42510092445611336
ADV	-0.07609623346840357	0.6319581282643525	0.0876433336361549	0.581005660954226
NOUN	0.04715650583106959	0.2669778369058133	0.009386268765549537	0.8252234646092115
VER	0.1832368350239226	0.0019673016290195464	-0.07175077623548869	0.22888191046282466
TOT	0.08484081767112411	0.007266277184807275	-0.016748852714826387	0.5967916473791242
