POS	Wordnet-Correlation	Wordnet-pvalue	Wiktionary-Correlation	Wiktionary-pvalue
ADJ	0.0359374346537975	0.4663952400326995	0.07018058895378818	0.15454165589942181
ADV	0.013880241777788726	0.9176355451676651	-0.05215672299114298	0.6974006033763045
NOUN	0.0031637687304351906	0.9075782060363522	0.00044615353720537553	0.9869380439686612
VER	-0.03901449228919123	0.38257623286365117	0.056160989994855845	0.20860211926910865
TOT	0.0088338985683571	0.6704350104818645	0.027411538554221068	0.18659975481324165
