POS	Wordnet-Correlation	Wordnet-pvalue	Wiktionary-Correlation	Wiktionary-pvalue
ADJ	0.2825044050303466	5.120361415939942e-09	0.15282119186459026	0.001841978467212751
ADV	0.09644629345759011	0.47139867282202397	-0.052246046786065155	0.6969073547644796
NOUN	0.25788622425083435	6.189767431069952e-22	0.0901768664335949	0.0009139125246491459
VER	0.2963811416734926	1.1721601796628976e-11	0.07124487660651552	0.11050909004520357
TOT	0.25690338687195013	2.480731595630525e-36	0.10793347384819718	1.8424989202372693e-07
