POS	Wordnet-Correlation	Wordnet-pvalue	Wiktionary-Correlation	Wiktionary-pvalue
ADJ	0.21840722535401708	7.488892355790778e-06	0.1401312116254934	0.0043272847896486805
ADV	-0.15425050715772104	0.24764055603767318	-0.12766565277383637	0.33956612710776224
NOUN	0.2598109549538402	2.9931591635794956e-22	0.09034167481182274	0.0008942144491222913
VER	0.2277209931023214	2.4364267230354737e-07	0.05742864301213489	0.19849642060766898
TOT	0.24471276390782135	5.0628769324166814e-33	0.11054985655542665	9.205868296668432e-08
