POS	Wordnet-Correlation	Wordnet-pvalue	Wiktionary-Correlation	Wiktionary-pvalue
ADJ	-0.12694179889759954	0.16890611754161133	-0.05165999476522522	0.5768659597544122
ADV	0.024227059422797428	0.8789556859428228	0.13559438168134066	0.3918889742447903
NOUN	0.00853827905744273	0.8407922391772065	-0.044945485419068	0.29007892608078206
VER	0.12188735117526221	0.04045886568922511	0.07207573539991852	0.22677516847818674
TOT	0.023935498061692886	0.4496080990824376	-0.007604497858065195	0.8101922351939512
